ID,Type,Names,Prices,Before_Sall
0,Flat,Men PU Leather British Style Casual Shoes,438.74,468.74
1,Flat,Men Outdoor Waterproof Warm Lining Ankle Boots,913.62,1013.62
2,Flat, MenicoMenico Men Genuine Leather Soft Sole Shoes ,1084.41,1184.41
3,Flat, MenicoMenico Genuine Cow Leather Hole Loafers,1090.13,1190.13
4,Flat,Men Stylish Color Blocking Leather Shoes,864.87,964.87
5,Flat,Men Cloth Breathable Slip-ons Casual Shoes ,670.05,700.05
6,Flat, MenicoMenico Men Leather Non Slip Soft Casual Driving Shoes,983.05,1083.05
7,Flat,Men Canvas Breathable Casual Shoes,319.22,349.22
8,Flat, MenicoMen Hand Stitching Soft Sole Leather Shoes,755.78,855.78
9,Flat,Men Non Slip Soft Casual Leather Shoes,760.82,860.82
10,Flat,Men Hand Stitching Leather Soft Casual Shoes,859.49,959.49
11,Flat,Men Comfy Round Toe Leather Shoes,549.85,579.85
12,Flat,Men Brogue Leather Splicing Oxfords,533.88,563.88
13,Flat,Men Comfy Soft Leather Shoes,689.04,719.04
14,Flat,Men Leather Splicing Non Slip Casual Shoes ,750.06,850.06
15,Flat, MenicoMen Genuine Cow Leather Comfy Loafers,785.87,885.87
16,Flat,Men Comfy Soft Cow Leather Shoes,571.37,601.37
17,Flat,Men Comfy Anti-collision Toe Leather Loafers,873.28,973.28
18,Flat, MenicoMenico Men Slip On Casual Leather Shoes ,615.58,645.58
19,Flat, MenicoMenico Men Hand Stitching Leather Shoes,629.2,659.2
20,Flat,Men Non Slip Soft Leather Casual Driving Shoes,819.49,919.49
21,Flat,Men Canvas Slip On Soft Casual Shoes,418.74,448.74
22,Flat, MenicoMenico Comfy Round Toe Leather Loafers,635.25,665.25
23,Flat, MenicoMenico Comfy Microfiber Leather Loafers,646.34,676.34
24,Flat, MenicoMen Cow Leather Soft Sole Causal Shoes ,1029.78,1129.78
25,Flat, MenicoMen Microfiber Leather Non Slip Casual Shoes,629.2,659.2
26,Flat, MenicoMen Microfiber Leather Non-slip Outdoor Shoes ,629.2,659.2
27,Flat,Men Stylish Microfiber Leather Oxfords,631.38,661.38
28,Flat, MenicoMenico Men Vintage Comfy Suede Loafers,953.97,1053.97
29,Flat,Men Outdoor Work Style Comfy Shoes,940.52,1040.52
30,Flat,Men Washed Canvas Soft Slip On Casual Shoes,449.67,479.67
31,Flat,Men Hand Stitching Non-slip Casual Leather Shoes ,775.44,875.44
32,Flat,Men Hand Stitching Non Slip Leather Shoes,889.58,989.58
33,Flat,Men Cow Leather Non Slip Casual Driving Shoes ,889.58,989.58
34,Flat, MenicoMenico Men Comfy Round Toe Leather Loafers,646.34,676.34
35,Formal,Men Retro Leather Non Slip Formal Shoes ,840.33,940.33
36,Formal,Men Carved Cow Leather Soft Sole Formal Shoes ,789.4,889.4
37,Formal,Men Black Business Formal Casual Shoes,582.3,612.3
38,Formal,Men Stylish Pattern Business Formal Shoes,548.85,578.85
39,Formal,Men Stylish Formal Dress Wedding Shoes,719.3,819.3
40,Formal,Men Large Size Pointed Leather Shoes,386.46,416.46
41,Formal,Men Large Size Pointed Business Dress Shoes,268.79,298.79
42,Formal,Men Large Size Casual Pointed Leather Shoes,386.46,416.46
43,Formal,Men Suede Business Casual Dress Leather Shoes,672.23,702.23
44,Formal,Men Brock Style Breathable Leather Shoes,672.23,702.23
45,Formal, Men Brock Style Large Size Casual  Business Leather Shoes,386.46,416.46
46,Formal,Men Large Size Pointed Leather Shoes,757.29,857.29
47,Formal,Men's Shoes Summer 2019 New Brock Carved Men's Tide Shoes Business Wedding Shoes British Wind A Generation Of Leather Shoes,672.23,702.23
48,Formal,Men Casual Business  Leather Shoes  Wedding Shoes,733.25,833.25
49,Formal,Men Business Casual Dress Shoes  Leather Shoes,672.23,702.23
50,Formal,Men Business  Breathable Leather Formal Shoes Wedding Shoes,672.23,702.23
51,Formal,Men Black Business Formal Shoes,937.16,1037.1599999999999
52,Formal,Men British Style Suede Casual Oxfords,939.17,1039.17
53,Formal,Men Stylish Brogue Dress Oxfords,991.45,1091.45
54,Formal,Men Comfy Round Toe Slip On Business Formal Shoes,614.74,644.74
55,Formal,Season Men's Shoes Peas Shoes Men's Social Men's Shoes Casual Shoes Tide Shoes Men's Shoes Men's Sets Of Feet A Pedal A80,296.19,326.19
56,Formal,"Men's Shoes, Business Casual Shoes, Leather Shoes, Feet, Singles, Suede, Leather, Flat Shoes, Micro-entrepreneur",1275.04,1375.04
57,Formal,Large Size Men's Casual Shoes Fashion Hundred Towers Retro Sports Outdoor Lightweight Men's Shoes For,571.37,601.37
58,Formal,39-44 Large Size Men's Shoes Fashion Tide Shoes Men's Leather Shoes Bright Patent Leather Shoes With Dress Shoes,620.62,650.62
59,Formal,Mufan Men's Shoes Season Business Dress Shoes Men's Increased Casual Shoes Men's Round Head British Shoes Men,670.05,700.05
60,Formal,Business Casual Shoes Hollow Men's Shoes Large Size Set Foot Layer Leather Shoes Non-slip Soft Bottom Comfortable Set Of Shoes,730.56,830.56
61,Formal,Leather Shoes Men's Season New Breathable Men's Casual Shoes Hollow Shoes Tide Shoes Work Shoes Student Shoes,274.34,304.34
62,Formal,Men's Shoes New Fashion Business Shoes Men's Tide Shoes Large Size Soft Bottom Casual Shoes,692.23,722.23
63,Formal,Fashion Season Men's Shoes Peas Shoes Microfiber Shoes Shoes Shoes Breathable Casual Wild Tide Driving Shoes Men,593.06,623.06
64,Formal,New Men's Microfiber Low To Help Business Shoes Non-slip Men's Shoes Casual England Single Shoes,360.57,390.57
65,Formal,Quarter Round Head Men's Casual Single Shoes Sleeve Peas Shoes Flat With Men's Shoes Agent To Join,349.14,379.14
66,Formal,Men PU Leather Business Casual Formal Shoes,443.95,473.95
67,Formal,Men Microfiber Leather Non Slip Formal Shoes ,1049.11,1149.11
68,Formal,Men Microfiber Leather Brogue Formal Shoes,836.3,936.3
69,Formal,Men Genuine Leather Non Slip Formal Shoes,803.69,903.69
70,Boots,Men Leather Non Slip Casual Ankle Boots,782.17,882.17
71,Boots,Men Retro Leather Cloth Splicing Ankle Boots,889.58,989.58
72,Boots,Men Waterproof Warm Lining Ankle Boots,636.26,666.26
73,Boots,Men British Stylish Cap Toe Casual Boots,789.4,889.4
74,Boots,Men Old Peking Style Fabric Warn Boots,642.98,672.98
75,Boots,Men Outdoor Waterproof Warm Hiking Boots,769.56,869.56
76,Boots, MenicoMenico Men Suede Lace Up Desert Boots ,1135.85,1235.85
77,Boots,Men British Style Comfy Leather Chelsea Boots,890.09,990.09
78,Boots,Men Stylish Work Style Motorcycle Boots,600.28,630.28
79,Boots, MenicoMenico Men Suede Non Slip Ankle Boots,1087.1,1187.1
80,Boots,Men Retro Leather Non Slip Casual Ankle Boots,1126.77,1226.77
81,Boots,Men PU Leather Non Slip Causal Boots,655.08,685.08
82,Boots,Men Carved Leather Non Slip Casual Boots,1008.43,1108.4299999999998
83,Boots,Men England Style  Boots Sports Shoes ,730.73,830.73
84,Boots,Men Pointed  Block Style  Boots  ,672.23,702.23
85,Boots,Men Rubber Toe Bumper Leather Ankle Boots,702.15,802.15
86,Boots,Men Outdoor Work Style Hiking Boots,762.67,862.67
87,Boots,Men Hand Stitching Leather Non-slip Casual Boots,789.4,889.4
88,Boots, MenicoMenico Men Harness-Strap Hand Stitching Leather Boots,886.73,986.73
89,Boots,Men Work Style Slip Resistant Ankle Boots,667.52,697.52
90,Boots, MenicoMenico Men Plush Lining Casual Ankle Boots,723.33,823.33
91,Boots, MenicoMenico Men Comfy Moccasin Toe Leather Ankle Boots,664.16,694.16
92,Boots, MenicoMen Hand Stitching Casual Leathers Boots,664.16,694.16
93,Boots, MenicoMen Microfiber Leather Outdoor Ankle Boots,664.16,694.16
94,Boots,Men Outdoor Climbing Hiking Boots,596.59,626.59
95,Boots,Men Comfy Elastic Slip On Ankle Boots,672.23,702.23
96,Boots, MenicoMenico Classic Round Toe Leather Ankle Boots,400.25,430.25
97,Boots,Men Stylish Suede Chelsea Boots,919.67,1019.67
98,Boots,Men Cow Leather Hand Stitching Ankle Boots,840.33,940.33
99,Boots,Men Suede Canvas Splicing Outdoor Ankle Boots,1085.42,1185.42
100,Boots,Men PU Leather Outdoor Casual Tooling Boots,728.54,828.54
101,Boots,Men Cow Leather Non Slip Ankle Boots ,939.68,1039.6799999999998
102,Boots,Men Waterproof Microfiber Leather Ankle Boots,1004.9,1104.9
103,Boots,Men Metal Non Slip Casual Leather Boots ,859.49,959.49
104,Boots,Men Suede Fabric Splicing Non-slip Outdoor Boots ,1053.31,1153.31
105,Sandals,Men Genuine Leather Casual Outdoor Sandals,725.69,825.69
106,Sandals,Men Non Slip Beach Casual Leather Sandals,336.03,366.03
107,Sandals,FREETIEFREETIE Summer Men Multiple Adjustable Beach Sandals,409.83,439.83
108,Sandals,Men Cloth Non-slip Casual Beach Sandals ,418.4,448.4
109,Sandals,Men Hand Stitching Soft Sole Leather Sandals,799.15,899.15
110,Sandals,HEMUHEMU Men Breathable Non-slip Beach Sandals,314.35,344.35
111,Sandals,Men Leather Outdoor Anti-collision Sandals,806.37,906.37
112,Sandals,Men Genuine Cow Leather Beach Sandals,880.34,980.34
113,Sandals,Men Clip Toe Water Beach Sandals,601.63,631.63
114,Sandals,Men EVA Hook Loop Casual Beach Sandals,387.47,417.47
115,Sandals,Men Camouflage Canvas Water Sandals,416.72,446.72
116,Sandals,Men Three Hook Loop Non Slip Sandals,804.36,904.36
117,Sandals,Men Non Slip Outdoor Leather Sandals ,819.15,919.15
118,Sandals,Men Non Slip Casual Leather Sandals ,625.5,655.5
119,Sandals,Men Roma Fabric Casual Beach Sandals,312.33,342.33
120,Sandals,Men Non Slip Beach Casual Leather Sandals,698.96,728.96
121,Sandals,Men Hand Stitching Non Slip Leather Sandals,575.41,605.41
122,Sandals,Men Toe Protetive Outdoor Hiking Sandals,806.04,906.04
123,Sandals,Men Microfiber Leather Hole Sandals ,789.56,889.56
124,Sandals,Men Drainable Sole Outdoor Closed Toe Water Sandals,646.34,676.34
125,Sandals,Men Three Hook Loop Outdoor Hiking Sandals,869.92,969.92
126,Sandals,Men Side Lace Up Comfy Soft Beach Water Sandals,569.02,599.02
127,Sandals,Men Hook Loop Slip Resistant Sandals,922.36,1022.36
128,Sandals,Men Genuine Leather Hiking Waking Water Sandals,932.11,1032.1100000000001
129,Sandals,Men Hole Beach Water Shoes,282.07,312.07
130,Sandals,Men Comfy Soft Sole Water Beach Casual Sandals,464.8,494.8
131,Sandals,Men Hollow Out Hole Water Sandals,308.46,338.46
132,Sandals,Men Genuine Leather Outdoor Hiking Sandals,881.01,981.01
133,Sandals,Men Oil Leather Toe Protective Water Slippers,768.72,868.72
134,Sandals,Men Outdoor Leather Splicing Hiking Sandals,835.96,935.96
135,Sandals,Men Toe Protetive Outdoor Leather Sandals,886.05,986.05
136,Sandals,Men Outdoor Anti-collision Toe Hiking Sandals,819.32,919.32
137,Sandals,Men Outdoor Slip Resistant Soft Leather Sandals,815.96,915.96
138,Sandals,Men Hand Stitching Leather Soft Sandals,869.92,969.92
139,Sandals,Men Soft Bottom  Casual Slip Driver Shoes Beach Shoes,223.4,253.4
140,Sneakers,Men Outdoor Slip Resistant Hiking Shoes,617.77,647.77
141,Sneakers,Men Outdoor Climbing Hiking Boots,596.59,626.59
142,Sneakers,Men Steel Toe Cap Anti Smash Puncture Proof Safety Shoes,599.61,629.61
143,Sneakers,Men Anti Smash Safety Work Shoes,803.35,903.35
144,Sneakers,Men Non Slip Soft Sole Sport Leather Shoes,782.17,882.17
145,Sneakers,Men Knitted Fabric Breathable Sport Shoes ,704.34,804.34
146,Sneakers,Season Breathable Flying Woven Sports Shoes Fashion Non-slip Full Palm Cushion Running Shoes Men's Large Size Shoes,630.88,660.88
147,Sneakers,Season New Thick-soled Running Men's Sports Shoes Shoes Trend Wild Cotton Color Matching Ordinary Thick,724.34,824.34
148,Sneakers,New Season Men's Shoes Trend Sports Shoes Men's Wild Breathable Net Red Old Tide Shoes,542.96,572.96
149,Sneakers,Men's Station New European Men's Shoes Flying Woven Tide Shoes Is Casual Shoes Shoes Sports Color Matching Shoes,724.34,824.34
150,Sneakers,Trendy Wild Sports Casual Lace Shoes Fly Line Breathable Lightweight Running Men's Shoes Large Size,559.44,589.44
151,Sneakers,Men's Shoes Season Breathable Flying Woven Trend Small White Shoes Men's Wild Tide Shoes Sports And Leisure Running Increased Old Shoes,564.98,594.98
152,Sneakers,Joe 4 Casual Sports Men's Shoes New Men's Air Cushion Is Men's Tide Shoes Wild Tie Running Shoes Men,718.96,818.96
153,Sneakers,New Mesh Shoes Trend Wild White Shoes Sports Casual Shoes Breathable Tide Men's Shoes,487.99,517.99
154,Sneakers,Male Students Trend Tide Shoes New Air Cushion Plus Sports Shoes Men's Shoes Season Tie Is Male,718.96,818.96
155,Sneakers,Season New Mesh Breathable Couple Casual Shoes Trend Black And White Men's Running Shoes Men,537.42,567.42
156,Sneakers,Season New Men's Shoes Flying Woven Sports Shoes Men's Mesh Cloth Lightweight Sports Running Shoes Fashion Tide Shoes,487.99,517.99
157,Sneakers,Adi With The Old Shoes Couple Flying Woven Breathable Casual Shark Lightweight Running Shoes,652.9,682.9
158,Sneakers,Men's Shoes Season Breathable New Trend A Pedal Net Shoes Low To Help Running Casual Sports Shoes Net Red,614.4,644.4
159,Sneakers,2017 Casual Shoes New Trend Color Matching Boys Sports Personality Low Shoes Hip Hop Miscellaneous,812.43,912.43
160,Sneakers,Old Shoes Men's New Mesh Breathable Running Tide Shoes Increased Thick-soled Sports Shoes,460.43,490.43
161,Sneakers,Source Supply Casual Coconut Shoes Small White Shoes Men's Shoes Flying Woven Women's Shoes Sports Shoes,724.34,824.34
162,Sneakers,Season Breathable Ins Super Men's Shoes Net Red Students Retro Old Tide Shoes Wild Sports Casual Shoes Men,504.47,534.47
163,Sneakers,Flying Woven Lightweight Men's Shoes Season Outdoor Trend Sports Shoes Large Size Men's Breathable Casual Shoes,471.52,501.52
164,Sneakers,Ins Super Coconut Men's Tide Shoes Season Men's Shoes Wild Shoes Bf Port Wind Trend 1 Day Is,663.99,693.99
165,Sneakers,New Old Men's Shoes Ins Season Shoes Men's Sports Low To Help Wild Net Red Miscellaneous Shoes Men's Tide Shoes,663.99,693.99
166,Sneakers,Feng Men's Shoes Season Breathable Thin Section New Casual Warrior Net Red Shoes Men's Tide Shoes Running Shoes,614.4,644.4
167,Sneakers,Ins Super Men's New Trend Shoes Season Wild One Day Color Matching Sports Casual Shoes,608.86,638.86
168,Sneakers,Season Men's Shoes Trend Junior High School Students Running Shoes Men's Wild Mesh Breathable Youth Sports Shoes,531.87,561.87
169,Sneakers,Ins Super Old Shoes Season Breathable Wild Tide Shoes Thick Bottom Sports Casual Running Shoes Men Shoes,564.98,594.98
170,Sneakers,Joker Men High Air Cushion Sports Running Men's Shoes Shoes Students Sneakers Thickening Height Shoes,548.51,578.51
171,Sneakers,New Low Men's Shoes Men's Sports And Leisure Running Tide Shoes Trend Wild Season Breathable,454.88,484.88
172,Sneakers,New Men's Sports Platform Casual Tide Shoes Trend Running Men's Shoes Old Shoes Men,669.37,699.37
173,Sneakers,Coconut Men's Shoes 350v2 Starry Angels Really Explosive Breathable Pure Black And White Season Sports Running Casual Shoes,663.99,693.99
174,Sneakers,New Sports Shoes Men's Shoes Season Hot Tide Shoes Casual Breathable Running Shoes,394.53,424.53
175,Slippers,Men Light Weight Soft Beach Slippers,371.16,401.16
176,Slippers,Men Non Slip Beach Casual Leather Sandals,336.03,366.03
177,Slippers,Men Clip Toe Soft Casual Beach Slippers ,461.27,491.27
178,Slippers,Men Light Weight Casual Beach Slippers,336.03,366.03
179,Slippers,Men Stylish Soft Casual Beach Slippers ,574.9,604.9
180,Slippers,Men Light Weight Soft Beach Slippers,461.27,491.27
181,Slippers,UREVOUREVO Flip Flops Summer Beach Slippers,184.74,214.74
182,Slippers,Men Light Weight Casual Beach Slippers ,250.97,280.97
183,Slippers,Men Water Beach Soft Flip Flops,312.16,342.16
184,Slippers,Men Colorful Printing Graffiti Slippers,483.96,513.96
185,Slippers,Men Colorful Printing Beach Slippers,478.58,508.58
186,Slippers,Men Colorful Printing Graffiti Beach Slippers,490.01,520.01
187,Slippers,Men Colorful Comfy Non Slip Flip Flops,595.91,625.91
188,Slippers,Men Colorful Non Slip Flip Flops ,496.57,526.5699999999999
189,Slippers,Men Leather Splcing Comfy Flip Flops,580.11,610.11
190,Slippers,Men Light Weight Soft Beach Flip Flops,289.97,319.97
191,Slippers, MenicoMenico Men Retro Comfy Casual Beach Slippers ,561.96,591.96
192,Slippers, MenicoMenico Men Retro Leather Comfy Beach Slippers,561.96,591.96
193,Slippers,Men Oil Leather Toe Protective Water Slippers,768.72,868.72
194,Slippers, MenicoMenico Men Clip Toe Comfy Soft Slippers,504.13,534.13
195,Slippers, MenicoMenico Men Comfy Soft Slip On Slippers,480.6,510.6
196,Slippers,Tian Men's Casual Leather Sandals Men's Breathable Trend Outdoor Beach Leather 38-47 Men's Shoes,488.67,518.6700000000001
197,Slippers,Men's Cool Shoes Shoes Men's Tide Leather Beach Shoes Casual Personality Fashion Dual-use Sandals And Slippers European Station,521.61,551.61
198,Slippers,Slippers Men's Season Outdoor Word Drag Beach Sandals Herringbone Sandals Fashion Wear Casual Personality Tide,367.63,397.63
199,Slippers,Season New Men's Sandals Buckle Buckle Word Beach Shoes Indoor And Outdoor Slippers Men's Fashion Trend,461.1,491.1
200,Slippers,Men's Season Slippers Men's Personality Fashion Wear Indoor Home Bathroom Bath Non-slip Household Sandals And Slippers Women,395.2,425.2
201,Slippers,Flip-flop Male Tide Season Men's Personality Outdoor Wear Beach Shoes Trend Fashion Sandals And Slippers Men,411.68,441.68
202,Slippers,New Season Bear Bottom Sandals Men's Sandals And Slippers Trend Personality Student Sports And Leisure Beach Shoes,477.74,507.74
203,Slippers,Men Clip Toe Comfy Water Beach Slippers,567.5,597.5
204,Slippers,Hole Shoes Men's New Season Couple Fashion Outdoor Baotou Sandals And Slippers Men's Dual-use Non-slip Beach Shoes,438.07,468.07
205,Slippers,Youth Sandals And Slippers Dual-use Driving Men's Soil Trend Youth Ins Tide Network Red Fashion Personality Student Wild,465.47,495.47
206,Slippers,New Fashion Bathroom Slippers Male Beach Non-slip Thick Bottom Word Drag Outdoor Casual Sandals,299.39,329.39
207,Slippers,New Trend Slippers Men's Non-slip Wild Sandals And Slippers Flip Flops Men's Simple Fashion Wear,266.94,296.94
208,Slippers, Men And Women Beach Shoes Cool Holiday Couples Set Of Slipp,327.96,357.96
209,Slippers,Generation Season Super Ins Men's Sandals Canvas Slippers Personality Non-slip Word Drag Outdoor Thick Bottom Tide,460.26,490.26
