ID,Type,Names,Prices
0,Flat,Men PU Leather British Style Casual Shoes,438.74
1,Flat,Men Outdoor Waterproof Warm Lining Ankle Boots,913.62
2,Flat, MenicoMenico Men Genuine Leather Soft Sole Shoes ,1084.41
3,Flat, MenicoMenico Genuine Cow Leather Hole Loafers,1090.13
4,Flat,Men Stylish Color Blocking Leather Shoes,864.87
5,Flat,Men Cloth Breathable Slip-ons Casual Shoes ,670.05
6,Flat, MenicoMenico Men Leather Non Slip Soft Casual Driving Shoes,983.05
7,Flat,Men Canvas Breathable Casual Shoes,319.22
8,Flat, MenicoMen Hand Stitching Soft Sole Leather Shoes,755.78
9,Flat,Men Non Slip Soft Casual Leather Shoes,760.82
10,Flat,Men Hand Stitching Leather Soft Casual Shoes,859.49
11,Flat,Men Comfy Round Toe Leather Shoes,549.85
12,Flat,Men Brogue Leather Splicing Oxfords,533.88
13,Flat,Men Comfy Soft Leather Shoes,689.04
14,Flat,Men Leather Splicing Non Slip Casual Shoes ,750.06
15,Flat, MenicoMen Genuine Cow Leather Comfy Loafers,785.87
16,Flat,Men Comfy Soft Cow Leather Shoes,571.37
17,Flat,Men Comfy Anti-collision Toe Leather Loafers,873.28
18,Flat, MenicoMenico Men Slip On Casual Leather Shoes ,615.58
19,Flat, MenicoMenico Men Hand Stitching Leather Shoes,629.2
20,Flat,Men Non Slip Soft Leather Casual Driving Shoes,819.49
21,Flat,Men Canvas Slip On Soft Casual Shoes,418.74
22,Flat, MenicoMenico Comfy Round Toe Leather Loafers,635.25
23,Flat, MenicoMenico Comfy Microfiber Leather Loafers,646.34
24,Flat, MenicoMen Cow Leather Soft Sole Causal Shoes ,1029.78
25,Flat, MenicoMen Microfiber Leather Non Slip Casual Shoes,629.2
26,Flat, MenicoMen Microfiber Leather Non-slip Outdoor Shoes ,629.2
27,Flat,Men Stylish Microfiber Leather Oxfords,631.38
28,Flat, MenicoMenico Men Vintage Comfy Suede Loafers,953.97
29,Flat,Men Outdoor Work Style Comfy Shoes,940.52
30,Flat,Men Washed Canvas Soft Slip On Casual Shoes,449.67
31,Flat,Men Hand Stitching Non-slip Casual Leather Shoes ,775.44
32,Flat,Men Hand Stitching Non Slip Leather Shoes,889.58
33,Flat,Men Cow Leather Non Slip Casual Driving Shoes ,889.58
34,Flat, MenicoMenico Men Comfy Round Toe Leather Loafers,646.34
